dog,sex,type_sti,group,trial,sequence,spp_sti,sex_sti,side_con,time_le,time_ri,val_con,matching,condit,index,control,positive,negative,valence
2,male,mirrored,DG,2,1,dog,female,left,16,8,negative,1,test,0.307692308,0.307692308,8,16,-0.307692308
2,male,mirrored,DG,3,2,dog,male,left,11,13,negative,0,test,-0.076923077,-0.076923077,13,11,0.076923077
2,male,mirrored,DG,4,3,dog,female,right,7,16,negative,1,test,0.36,-0.36,7,16,-0.36
2,male,mirrored,DG,5,4,dog,female,,16,8,control,,control,,0.32,16,8,0.32
2,male,mirrored,DG,6,5,dog,male,right,4,15,negative,1,test,0.55,-0.55,4,15,-0.55
2,male,mirrored,DG,7,6,dog,male,right,16,5,positive,0,test,-0.423076923,0.423076923,5,16,-0.423076923
2,male,mirrored,DG,8,7,dog,female,left,9,15,positive,0,test,-0.25,-0.25,9,15,-0.25
2,male,mirrored,DG,9,8,dog,female,right,8,9,positive,1,test,0.055555556,-0.055555556,9,8,0.055555556
2,male,mirrored,DG,10,9,dog,male,,13,2,control,,control,,0.733333333,13,2,0.733333333
2,male,mirrored,DG,12,10,human,female,right,7,3,positive,0,test,-0.25,0.25,3,7,-0.25
2,male,mirrored,DG,13,11,human,male,right,7,6,negative,0,test,-0.0625,0.0625,7,6,0.0625
2,male,mirrored,DG,14,12,human,female,left,5,7,positive,0,test,-0.153846154,-0.153846154,5,7,-0.153846154
2,male,mirrored,DG,15,13,human,male,left,6,13,positive,0,test,-0.318181818,-0.318181818,6,13,-0.318181818
2,male,mirrored,DG,16,14,human,female,,3,0,control,,control,,0.12,3,0,0.12
2,male,mirrored,DG,17,15,human,male,,6,6,control,,control,,0,6,6,0
2,male,mirrored,DG,18,16,human,female,left,3,16,negative,0,test,-0.52,-0.52,16,3,0.52
2,male,mirrored,DG,19,17,human,male,right,6,6,positive,0,test,0,0,6,6,0
2,male,mirrored,DG,20,18,human,female,right,7,10,negative,1,test,0.176470588,-0.176470588,7,10,-0.176470588
4,female,plain,DG,1,19,dog,male,,1,1,control,,control,,0,1,1,0
4,female,plain,DG,3,20,dog,male,right,16,3,negative,0,test,-0.590909091,0.590909091,16,3,0.590909091
4,female,plain,DG,4,21,dog,female,left,2,10,positive,0,test,-0.666666667,-0.666666667,2,10,-0.666666667
4,female,plain,DG,5,22,dog,female,,0,8,control,,control,,-0.888888889,0,8,-0.888888889
4,female,plain,DG,7,23,dog,female,right,12,10,negative,0,test,-0.083333333,0.083333333,12,10,0.083333333
4,female,plain,DG,11,26,human,female,,12,0,control,,control,,0.461538462,12,0,0.461538462
4,female,plain,DG,12,27,human,male,right,2,23,negative,1,test,0.84,-0.84,2,23,-0.84
4,female,plain,DG,14,28,human,female,right,0,22,negative,1,test,0.88,-0.88,0,22,-0.88
4,female,plain,DG,15,29,human,male,,0,0,control,,control,,0,0,0,0
4,female,plain,DG,16,30,human,female,right,2,11,positive,1,test,0.473684211,-0.473684211,11,2,0.473684211
4,female,plain,DG,17,31,human,female,left,16,2,negative,1,test,0.777777778,0.777777778,2,16,-0.777777778
4,female,plain,DG,18,32,human,male,left,20,0,positive,1,test,0.8,0.8,20,0,0.8
4,female,plain,DG,19,33,human,female,left,18,6,positive,1,test,0.461538462,0.461538462,18,6,0.461538462
6,female,mirrored,HG,1,34,human,female,right,2,4,negative,1,test,0.090909091,-0.090909091,2,4,-0.090909091
6,female,mirrored,HG,2,35,human,male,left,15,8,positive,1,test,0.28,0.28,15,8,0.28
6,female,mirrored,HG,3,36,human,female,,0,20,control,,control,,-0.8,0,20,-0.8
6,female,mirrored,HG,4,37,human,male,left,10,6,negative,1,test,0.25,0.25,6,10,-0.25
6,female,mirrored,HG,12,42,dog,male,left,12,8,negative,1,test,0.16,0.16,8,12,-0.16
6,female,mirrored,HG,13,43,dog,male,,21,2,control,,control,,0.826086957,21,2,0.826086957
6,female,mirrored,HG,14,44,dog,female,right,1,16,positive,1,test,0.75,-0.75,16,1,0.75
6,female,mirrored,HG,15,45,dog,male,right,3,19,negative,1,test,0.727272727,-0.727272727,3,19,-0.727272727
6,female,mirrored,HG,17,47,dog,female,left,5,7,negative,0,test,-0.153846154,-0.153846154,7,5,0.153846154
6,female,mirrored,HG,18,48,dog,male,left,24,0,positive,1,test,0.96,0.96,24,0,0.96
6,female,mirrored,HG,19,49,dog,female,left,7,7,positive,0,test,0,0,7,7,0
7,male,mirrored,HG,1,51,human,male,left,3,21,negative,0,test,-0.72,-0.72,21,3,0.72
7,male,mirrored,HG,2,52,human,female,,6,0,control,,control,,0.5,0,6,-0.5
7,male,mirrored,HG,3,53,human,male,right,0,8,negative,1,test,0.666666667,-0.666666667,0,8,-0.666666667
7,male,mirrored,HG,5,55,human,male,left,14,5,positive,1,test,0.473684211,0.473684211,14,5,0.473684211
7,male,mirrored,HG,6,56,human,female,right,0,24,negative,1,test,0.96,-0.96,0,24,-0.96
7,male,mirrored,HG,7,57,human,female,left,10,4,negative,1,test,0.24,0.24,4,10,-0.24
7,male,mirrored,HG,8,58,human,male,right,7,7,positive,0,test,0,0,7,7,0
7,male,mirrored,HG,9,59,human,male,,7,1,control,,control,,0.4,1,7,-0.4
7,male,mirrored,HG,11,60,dog,female,right,3,10,positive,1,test,0.5,-0.5,10,3,0.5
7,male,mirrored,HG,12,61,dog,male,,3,4,control,,control,,-0.1,4,3,0.1
7,male,mirrored,HG,13,62,dog,male,left,10,6,positive,1,test,0.25,0.25,10,6,0.25
7,male,mirrored,HG,14,63,dog,female,left,16,7,negative,1,test,0.391304348,0.391304348,7,16,-0.391304348
7,male,mirrored,HG,15,64,dog,female,left,7,5,positive,1,test,0.166666667,0.166666667,7,5,0.166666667
7,male,mirrored,HG,20,68,dog,male,left,14,4,negative,1,test,0.476190476,0.476190476,4,14,-0.476190476
8,male,plain,HG,1,69,human,female,right,0,9,positive,1,test,0.36,-0.36,9,0,0.36
8,male,plain,HG,2,70,human,male,left,12,12,positive,0,test,0,0,12,12,0
8,male,plain,HG,3,71,human,female,left,12,6,positive,1,test,0.315789474,0.315789474,12,6,0.315789474
8,male,plain,HG,4,72,human,male,right,12,0,positive,0,test,-0.6,0.6,0,12,-0.6
8,male,plain,HG,7,73,human,male,left,8,17,negative,0,test,-0.36,-0.36,17,8,0.36
8,male,plain,HG,8,74,human,female,right,5,17,negative,1,test,0.545454545,-0.545454545,5,17,-0.545454545
8,male,plain,HG,9,75,human,male,,1,0,control,,control,,0.04,1,1,0
8,male,plain,HG,10,76,human,female,left,0,3,negative,0,test,-0.130434783,-0.130434783,3,0,0.130434783
8,male,plain,HG,12,77,dog,male,left,23,0,positive,1,test,0.92,0.92,23,0,0.92
8,male,plain,HG,13,78,dog,female,left,16,1,negative,1,test,0.576923077,0.576923077,1,16,-0.576923077
8,male,plain,HG,15,79,dog,female,,24,0,control,,control,,0.96,24,0,0.96
8,male,plain,HG,16,80,dog,male,left,17,0,negative,1,test,0.653846154,0.653846154,0,17,-0.653846154
8,male,plain,HG,18,81,dog,male,right,7,0,positive,0,test,-0.28,0.28,0,7,-0.28
8,male,plain,HG,19,82,dog,male,,0,25,control,,control,,-0.961538462,0,25,-0.961538462
8,male,plain,HG,20,83,dog,female,right,7,0,positive,0,test,-0.269230769,0.269230769,0,7,-0.269230769
10,female,plain,DG,3,85,dog,female,right,0,24,negative,1,test,0.96,-0.96,0,24,-0.96
10,female,plain,DG,5,86,dog,male,left,3,0,negative,1,test,0.12,0.12,0,3,-0.12
10,female,plain,DG,7,88,dog,male,left,14,9,positive,1,test,0.192307692,0.192307692,14,9,0.192307692
10,female,plain,DG,8,89,dog,female,right,14,6,positive,0,test,-0.380952381,0.380952381,6,14,-0.380952381
10,female,plain,DG,9,90,dog,male,right,13,11,negative,0,test,-0.076923077,0.076923077,13,11,0.076923077
10,female,plain,DG,10,91,dog,female,left,9,17,negative,0,test,-0.307692308,-0.307692308,17,9,0.307692308
10,female,plain,DG,11,92,human,male,left,15,8,negative,1,test,0.291667,0.291667,8,15,-0.291667
10,female,plain,DG,12,93,human,female,right,15,7,negative,0,test,-0.347826087,0.347826087,15,7,0.347826087
10,female,plain,DG,13,94,human,female,,9,10,control,,control,,-0.04,9,10,-0.04
10,female,plain,DG,14,95,human,male,right,7,14,negative,1,test,0.28,-0.28,7,14,-0.28
10,female,plain,DG,15,96,human,female,left,0,17,positive,0,test,-0.944444444,-0.944444444,0,17,-0.944444444
10,female,plain,DG,16,97,human,male,right,23,1,positive,0,test,-0.846153846,0.846153846,1,23,-0.846153846
10,female,plain,DG,17,98,human,male,,9,11,control,,control,,-0.095238095,9,11,-0.095238095
10,female,plain,DG,18,99,human,female,right,2,6,positive,1,test,0.181818182,-0.181818182,6,2,0.181818182
10,female,plain,DG,19,100,human,female,left,12,5,negative,1,test,0.333333333,0.333333333,5,12,-0.333333333
10,female,plain,DG,20,101,human,male,left,10,11,positive,0,test,-0.038461538,-0.038461538,10,11,-0.038461538
11,male,plain,DG,1,102,dog,male,left,18,2,positive,1,test,0.761904762,0.761904762,18,2,0.761904762
11,male,plain,DG,2,103,dog,female,right,0,17,positive,1,test,1,-1,17,0,1
11,male,plain,DG,3,104,dog,female,right,3,18,negative,1,test,0.681818182,-0.681818182,3,18,-0.681818182
11,male,plain,DG,4,105,dog,male,,7,6,control,,control,,0.076923077,6,7,-0.076923077
11,male,plain,DG,5,106,dog,female,left,2,16,negative,0,test,-0.777777778,-0.777777778,16,2,0.777777778
11,male,plain,DG,8,107,dog,female,,0,9,control,,control,,-0.36,9,0,0.36
11,male,plain,DG,9,108,dog,male,left,0,6,negative,0,test,-0.461538462,-0.461538462,6,0,0.461538462
13,female,mirrored,HG,2,109,human,male,right,14,2,negative,0,test,-0.461538462,0.461538462,14,2,0.461538462
13,female,mirrored,HG,4,111,human,male,left,0,25,positive,0,test,-1,-1,0,25,-1
13,female,mirrored,HG,6,113,human,male,,5,5,control,,control,,0,5,5,0
13,female,mirrored,HG,7,114,human,male,left,15,4,negative,1,test,0.523809524,0.523809524,4,15,-0.523809524
13,female,mirrored,HG,9,115,human,female,,0,0,control,,control,,#DIV/0!,0,0,#DIV/0!
13,female,mirrored,HG,10,116,human,male,right,6,9,positive,1,test,0.2,-0.2,9,6,0.2
13,female,mirrored,HG,11,117,dog,female,right,0,2,positive,1,test,0.076923077,-0.076923077,2,0,0.076923077
13,female,mirrored,HG,13,119,dog,male,right,5,17,negative,1,test,0.545454545,-0.545454545,5,17,-0.545454545
13,female,mirrored,HG,14,120,dog,female,right,0,10,negative,1,test,0.588235294,-0.588235294,0,10,-0.588235294
13,female,mirrored,HG,15,121,dog,male,,5,5,control,,control,,0,5,5,0
13,female,mirrored,HG,16,122,dog,female,,4,0,control,,control,,0.666666667,0,4,-0.666666667
13,female,mirrored,HG,17,123,dog,male,right,10,11,positive,1,test,0.045454545,-0.045454545,11,10,0.045454545
13,female,mirrored,HG,18,124,dog,female,left,4,2,negative,1,test,0.083333333,0.083333333,2,4,-0.083333333
13,female,mirrored,HG,20,125,dog,female,left,0,3,positive,0,test,-0.115384615,-0.115384615,0,3,-0.115384615
14,female,plain,HG,1,126,human,female,right,5,15,positive,1,test,0.5,-0.5,15,5,0.5
14,female,plain,HG,2,127,human,male,left,12,6,positive,1,test,0.333333333,0.333333333,12,6,0.333333333
14,female,plain,HG,3,128,human,male,,5,2,control,,control,,0.428571429,5,2,0.428571429
14,female,plain,HG,6,129,human,male,left,12,6,negative,1,test,0.333333333,0.333333333,6,12,-0.333333333
14,female,plain,HG,8,131,human,male,right,1,9,positive,1,test,0.727272727,-0.727272727,9,1,0.727272727
14,female,plain,HG,9,132,human,male,right,6,5,negative,0,test,-0.0625,0.0625,6,5,0.0625
14,female,plain,HG,11,133,dog,female,right,22,3,negative,0,test,-0.76,0.76,22,3,0.76
14,female,plain,HG,12,134,dog,male,left,4,4,negative,0,test,0,0,4,4,0
14,female,plain,HG,14,136,dog,female,left,11,13,positive,0,test,-0.08,-0.08,11,13,-0.08
14,female,plain,HG,15,137,dog,female,left,11,3,negative,1,test,0.571428571,0.571428571,3,11,-0.571428571
14,female,plain,HG,19,138,dog,male,right,4,12,negative,1,test,0.363636364,-0.363636364,4,12,-0.363636364
14,female,plain,HG,20,139,dog,female,,4,8,control,,control,,-0.285714286,4,8,-0.285714286
15,male,plain,HG,1,140,human,female,,6,5,control,,control,,0.071428571,5,6,-0.071428571
15,male,plain,HG,2,141,human,male,left,13,0,positive,1,test,0.5,0.5,13,0,0.5
15,male,plain,HG,3,142,human,female,right,4,12,positive,1,test,0.4,-0.4,12,4,0.4
15,male,plain,HG,4,143,human,male,left,18,1,negative,1,test,0.894736842,0.894736842,1,18,-0.894736842
15,male,plain,HG,5,144,human,male,right,6,13,positive,1,test,0.304347826,-0.304347826,13,6,0.304347826
15,male,plain,HG,6,145,human,female,right,0,10,negative,1,test,0.588235294,-0.588235294,0,10,-0.588235294
15,male,plain,HG,7,146,human,female,left,6,0,positive,1,test,0.461538462,0.461538462,6,0,0.461538462
15,male,plain,HG,8,147,human,male,right,10,0,negative,0,test,-0.666666667,0.666666667,10,0,0.666666667
15,male,plain,HG,9,148,human,female,left,3,11,negative,0,test,-0.533333333,-0.533333333,11,3,0.533333333
15,male,plain,HG,10,149,human,male,,0,0,control,,control,,#DIV/0!,0,0,#DIV/0!
15,male,plain,HG,11,150,dog,male,left,19,0,positive,1,test,0.730769231,0.730769231,19,0,0.730769231
15,male,plain,HG,12,151,dog,female,,3,6,control,,control,,-0.3,6,3,0.3
15,male,plain,HG,13,152,dog,male,,0,3,control,,control,,-0.142857143,3,0,0.142857143
15,male,plain,HG,14,153,dog,female,left,20,0,negative,1,test,0.869565217,0.869565217,0,20,-0.869565217
15,male,plain,HG,15,154,dog,female,right,4,4,negative,0,test,0,0,4,4,0
15,male,plain,HG,16,155,dog,male,right,0,5,positive,1,test,0.208333333,-0.208333333,5,0,0.208333333
15,male,plain,HG,17,156,dog,male,right,0,22,negative,1,test,0.846153846,-0.846153846,0,22,-0.846153846
15,male,plain,HG,18,157,dog,female,left,12,7,positive,1,test,0.2,0.2,12,7,0.2
15,male,plain,HG,19,158,dog,female,right,6,0,positive,0,test,-0.4,0.4,0,6,-0.4
15,male,plain,HG,20,159,dog,male,left,5,0,negative,1,test,0.217391304,0.217391304,0,5,-0.217391304
16,female,mirrored,HG,1,160,human,female,left,10,11,negative,0,test,-0.045454545,-0.045454545,11,10,0.045454545
16,female,mirrored,HG,2,161,human,male,left,8,16,positive,0,test,-0.307692308,-0.307692308,8,16,-0.307692308
16,female,mirrored,HG,3,162,human,male,,16,8,control,,control,,0.307692308,16,8,0.307692308
16,female,mirrored,HG,4,163,human,female,right,1,10,positive,1,test,0.36,-0.36,10,1,0.36
16,female,mirrored,HG,5,164,human,male,right,4,8,positive,1,test,0.166666667,-0.166666667,8,4,0.166666667
16,female,mirrored,HG,6,165,human,female,left,17,0,positive,1,test,0.708333333,0.708333333,17,0,0.708333333
16,female,mirrored,HG,7,166,human,female,right,8,17,negative,1,test,0.36,-0.36,8,17,-0.36
16,female,mirrored,HG,8,167,human,male,left,20,6,negative,1,test,0.538461538,0.538461538,6,20,-0.538461538
16,female,mirrored,HG,9,168,human,male,right,1,11,negative,1,test,0.4,-0.4,1,11,-0.4
16,female,mirrored,HG,10,169,human,female,,0,1,control,,control,,-0.111111111,0,1,-0.111111111
16,female,mirrored,HG,11,170,dog,male,,24,0,control,,control,,0.96,24,0,0.96
16,female,mirrored,HG,12,171,dog,female,right,0,11,positive,1,test,0.423076923,-0.423076923,11,0,0.423076923
16,female,mirrored,HG,13,172,dog,male,left,7,0,negative,1,test,0.269230769,0.269230769,0,7,-0.269230769
16,female,mirrored,HG,14,173,dog,female,right,0,8,negative,1,test,0.307692308,-0.307692308,0,8,-0.307692308
16,female,mirrored,HG,15,174,dog,female,left,7,2,negative,1,test,0.192307692,0.192307692,2,7,-0.192307692
16,female,mirrored,HG,16,175,dog,male,left,14,2,positive,1,test,0.461538462,0.461538462,14,2,0.461538462
16,female,mirrored,HG,17,176,dog,male,right,6,1,negative,0,test,-0.2,0.2,6,1,0.2
16,female,mirrored,HG,18,177,dog,female,,0,18,control,,control,,-0.72,0,18,-0.72
16,female,mirrored,HG,19,178,dog,female,left,2,9,positive,0,test,-0.28,-0.28,2,9,-0.28
16,female,mirrored,HG,20,179,dog,male,right,4,10,positive,1,test,0.24,-0.24,10,4,0.24
17,male,plain,DG,11,180,human,female,left,0,17,positive,0,test,-0.68,-0.68,0,17,-0.68
17,male,plain,DG,12,181,human,male,left,5,7,negative,0,test,-0.125,-0.125,7,5,0.125
17,male,plain,DG,13,182,human,female,,5,5,control,,control,,0,5,5,0
17,male,plain,DG,15,183,human,female,right,6,12,negative,1,test,0.24,-0.24,6,12,-0.24
17,male,plain,DG,16,184,human,male,,1,7,control,,control,,-0.461538462,7,1,0.461538462
17,male,plain,DG,17,185,human,female,right,0,11,positive,1,test,0.55,-0.55,11,0,0.55
17,male,plain,DG,18,186,human,male,left,8,5,positive,1,test,0.2,0.2,8,5,0.2
17,male,plain,DG,20,187,human,male,right,1,7,negative,1,test,0.285714286,-0.285714286,1,7,-0.285714286
18,female,mirrored,DG,1,188,dog,male,right,0,25,positive,1,test,1,-1,25,0,1
18,female,mirrored,DG,2,189,dog,female,,4,17,control,,control,,-0.5,4,17,-0.5
18,female,mirrored,DG,3,190,dog,female,left,14,1,negative,1,test,0.866666667,0.866666667,1,14,-0.866666667
18,female,mirrored,DG,6,192,dog,female,right,2,11,negative,1,test,0.692307692,-0.692307692,2,11,-0.692307692
18,female,mirrored,DG,8,193,dog,female,right,4,11,positive,1,test,0.466666667,-0.466666667,11,4,0.466666667
18,female,mirrored,DG,9,194,dog,male,,0,9,control,,control,,-1,0,9,-1
18,female,mirrored,DG,10,195,dog,female,left,0,6,positive,0,test,-0.461538462,-0.461538462,0,6,-0.461538462
19,female,mirrored,DG,3,198,dog,female,left,17,9,negative,1,test,0.307692308,0.307692308,9,17,-0.307692308
19,female,mirrored,DG,4,199,dog,male,,5,5,control,,control,,0,5,5,0
19,female,mirrored,DG,5,200,dog,female,,0,0,control,,control,,0,0,0,0
19,female,mirrored,DG,6,201,dog,male,left,6,17,positive,0,test,-0.44,-0.44,6,17,-0.44
19,female,mirrored,DG,7,202,dog,female,right,6,19,negative,1,test,0.52,-0.52,6,19,-0.52
19,female,mirrored,DG,8,203,dog,male,right,6,17,positive,1,test,0.47826087,-0.47826087,17,6,0.47826087
19,female,mirrored,DG,9,204,dog,male,left,13,7,negative,1,test,0.285714286,0.285714286,7,13,-0.285714286
19,female,mirrored,DG,10,205,dog,female,right,6,19,positive,1,test,0.52,-0.52,19,6,0.52
19,female,mirrored,DG,11,206,human,female,right,2,12,negative,1,test,0.4,-0.4,2,12,-0.4
19,female,mirrored,DG,12,207,human,male,right,0,13,positive,1,test,0.52,-0.52,13,0,0.52
19,female,mirrored,DG,13,208,human,female,left,2,0,negative,1,test,0.08,0.08,0,2,-0.08
19,female,mirrored,DG,14,209,human,male,,15,6,control,,control,,0.36,6,15,-0.36
19,female,mirrored,DG,16,211,human,female,,9,11,control,,control,,-0.076923077,11,9,0.076923077
19,female,mirrored,DG,17,212,human,male,left,10,2,negative,1,test,0.32,0.32,2,10,-0.32
19,female,mirrored,DG,18,213,human,female,right,5,9,positive,1,test,0.16,-0.16,9,5,0.16
19,female,mirrored,DG,19,214,human,female,left,2,0,positive,1,test,0.08,0.08,2,0,0.08
19,female,mirrored,DG,20,215,human,male,right,0,15,negative,1,test,0.6,-0.6,0,15,-0.6
20,male,plain,DG,1,216,dog,male,,24,0,control,,control,,0.96,24,0,0.96
20,male,plain,DG,2,217,dog,female,left,14,9,negative,1,test,0.192307692,0.192307692,9,14,-0.192307692
20,male,plain,DG,3,218,dog,male,right,4,0,positive,0,test,-0.16,0.16,0,4,-0.16
20,male,plain,DG,4,219,dog,female,right,10,7,negative,0,test,-0.12,0.12,10,7,0.12
20,male,plain,DG,5,220,dog,female,right,4,15,positive,1,test,0.44,-0.44,15,4,0.44
20,male,plain,DG,6,221,dog,male,left,18,3,negative,1,test,0.6,0.6,3,18,-0.6
20,male,plain,DG,7,222,dog,male,left,6,2,positive,1,test,0.16,0.16,6,2,0.16
20,male,plain,DG,8,223,dog,female,,1,1,control,,control,,0,1,1,0
20,male,plain,DG,9,224,dog,male,right,1,17,negative,1,test,0.615384615,-0.615384615,1,17,-0.615384615
20,male,plain,DG,10,225,dog,female,left,17,6,positive,1,test,0.47826087,0.47826087,17,6,0.47826087
20,male,plain,DG,11,226,human,female,left,18,0,negative,1,test,0.72,0.72,0,18,-0.72
20,male,plain,DG,12,227,human,male,,3,16,control,,control,,-0.5,3,16,-0.5
20,male,plain,DG,13,228,human,female,left,16,9,positive,1,test,0.269230769,0.269230769,16,9,0.269230769
20,male,plain,DG,14,229,human,male,right,20,1,negative,0,test,-0.863636364,0.863636364,20,1,0.863636364
20,male,plain,DG,16,230,human,male,right,20,0,positive,0,test,-0.769230769,0.769230769,0,20,-0.769230769
20,male,plain,DG,17,231,human,female,,0,0,control,,control,,0,0,0,0
20,male,plain,DG,18,232,human,male,left,2,18,positive,0,test,-0.615384615,-0.615384615,2,18,-0.615384615
20,male,plain,DG,19,233,human,female,right,3,15,positive,1,test,0.48,-0.48,15,3,0.48
20,male,plain,DG,20,234,human,male,left,11,5,negative,1,test,0.24,0.24,5,11,-0.24
22,male,mirrored,HG,1,235,human,female,right,6,7,negative,1,test,0.04,-0.04,6,7,-0.04
22,male,mirrored,HG,2,236,human,male,right,9,5,positive,0,test,-0.16,0.16,5,9,-0.16
22,male,mirrored,HG,3,237,human,female,left,5,4,negative,1,test,0.055555556,0.055555556,4,5,-0.055555556
22,male,mirrored,HG,4,238,human,male,,13,11,control,,control,,0.08,13,11,0.08
22,male,mirrored,HG,5,239,human,male,left,2,3,positive,0,test,-0.0625,-0.0625,2,3,-0.0625
22,male,mirrored,HG,6,240,human,female,,1,7,control,,control,,-0.428571429,1,7,-0.428571429
22,male,mirrored,HG,8,241,human,female,right,0,16,positive,1,test,0.64,-0.64,16,0,0.64
22,male,mirrored,HG,9,242,human,female,left,0,10,positive,0,test,-0.769230769,-0.769230769,0,10,-0.769230769
22,male,mirrored,HG,12,244,dog,male,right,0,23,negative,1,test,0.884615385,-0.884615385,0,23,-0.884615385
22,male,mirrored,HG,13,245,dog,female,left,15,0,negative,1,test,0.652173913,0.652173913,0,15,-0.652173913
22,male,mirrored,HG,14,246,dog,male,,4,4,control,,control,,0,4,4,0
22,male,mirrored,HG,15,247,dog,female,,0,0,control,,control,,0,0,0,0
22,male,mirrored,HG,16,248,dog,male,left,0,10,positive,0,test,-0.4,-0.4,0,10,-0.4
22,male,mirrored,HG,17,249,dog,female,right,3,12,negative,1,test,0.5625,-0.5625,3,12,-0.5625
22,male,mirrored,HG,18,250,dog,male,right,0,15,positive,1,test,0.681818182,-0.681818182,15,0,0.681818182
22,male,mirrored,HG,19,251,dog,male,left,0,3,negative,0,test,-0.166666667,-0.166666667,3,0,0.166666667
22,male,mirrored,HG,20,252,dog,female,right,0,9,positive,1,test,0.692307692,-0.692307692,9,0,0.692307692
23,male,mirrored,HG,2,254,human,male,right,0,22,negative,1,test,0.846153846,-0.846153846,0,22,-0.846153846
23,male,mirrored,HG,4,256,human,female,right,4,16,positive,1,test,0.5,-0.5,16,4,0.5
23,male,mirrored,HG,5,257,human,male,right,23,1,positive,0,test,-0.916666667,0.916666667,1,23,-0.916666667
23,male,mirrored,HG,7,259,human,female,right,19,5,negative,0,test,-0.56,0.56,19,5,0.56
23,male,mirrored,HG,8,260,human,male,left,10,13,negative,0,test,-0.12,-0.12,13,10,0.12
23,male,mirrored,HG,10,261,human,female,,6,5,control,,control,,0.076923077,5,6,-0.076923077
23,male,mirrored,HG,11,262,dog,male,right,1,21,positive,1,test,0.909090909,-0.909090909,21,1,0.909090909
23,male,mirrored,HG,12,263,dog,female,,24,0,control,,control,,0.96,0,24,-0.96
23,male,mirrored,HG,13,264,dog,female,left,24,0,negative,1,test,0.96,0.96,0,24,-0.96
23,male,mirrored,HG,16,267,dog,female,right,2,20,negative,1,test,0.818181818,-0.818181818,2,20,-0.818181818
23,male,mirrored,HG,18,269,dog,female,right,4,18,positive,1,test,0.56,-0.56,18,4,0.56
23,male,mirrored,HG,19,270,dog,male,,7,3,control,,control,,0.4,3,7,-0.4
23,male,mirrored,HG,20,271,dog,female,left,13,6,positive,1,test,0.35,0.35,13,6,0.35
,,,,,,,,,,,,,,,,,,
,,,,,,,,,,,,,,,,,,
,,,,,,,,,,,,,,,,,,
,,,,,,,,,,,,,,,,,,
,,,,,,,,,,,,,,,,,,
,,,,,,,,,,,,,,,,,,
,,,,,,,,,,,,,,,,,,
,,,,,,,,,,,,,,,,,,
,,,,,,,,,,,,,,,,,,
,,,,,,,,,,,,,,,,,,
,,,,,,,,,,,,,,,,,,
,,,,,,,,,,,,,,,,,,
,,,,,,,,,,,,,,,,,,
,,,,,,,,,,,,,,,,,,
,,,,,,,,,,,,,,,,,,
,,,,,,,,,,,,,,,,,,
,,,,,,,,,,,,,,,,,,
,,,,,,,,,,,,,,,,,,
,,,,,,,,,,,,,,,,,,
,,,,,,,,,,,,,,,,,,
,,,,,,,,,,,,,,,,,,
,,,,,,,,,,,,,,,,,,
,,,,,,,,,,,,,,,,,,
,,,,,,,,,,,,,,,,,,
,,,,,,,,,,,,,,,,,,
,,,,,,,,,,,,,,,,,,
,,,,,,,,,,,,,,,,,,
,,,,,,,,,,,,,,,,,,
,,,,,,,,,,,,,,,,,,
,,,,,,,,,,,,,,,,,,